IP Address,Common Name,Organization,Subject Alternative DNS Name,Subject Alternative IP address
"52.5.166.230","drivefca.com","","drivefca.com|e-shop.ram.com|www.drivefca.com|e-shop.fiatusa.com|dealeradmin.drivefca.com|e-shop.ramtrucks.com|als.drivefca.com|e-shop.dodge.com|e-shop.chrysler.com|e-shop.jeep.com",""
"52.6.152.224","*.fcalatam.com.br","","*.fcalatam.com.br|*.fcalatam.com|fcalatam.com.br|fcagroup.com.br|*.jeep.com.br|fcalatam.com|*.fcagroup.com.br|*.digital.fcalatam.com.br|digital.fcalatam.com.br|*.fiat.com.br",""
"50.16.102.8","*.fcalatam.com.br","","*.fcalatam.com.br|gameoftalents.com.br|fcalatam.com.br|*.jeep.com.br|*.digital.fcalatam.com.br|digital.fcalatam.com.br|*.gameoftalents.com.br|*.fiat.com.br",""
"13.236.253.27","configuratorapi.jeep.com.au","","configuratorapi.jeep.com.au",""
"13.238.57.80","configuratorapi.jeep.com.au","","configuratorapi.jeep.com.au",""
"52.47.58.159","batterysohcheck-preprod.stellantis.com","Stellantis N.V.","batterysohcheck-preprod.stellantis.com|batterysohcheckpp.peugeot.fr|batterysohcheckpp.citroen.fr|batterysohcheckpp.dsautomobiles.fr|batterysohcheckpp.opel.fr|batterysohcheckpp.fiat.fr|batterysohcheckpp.jeep.fr|batterysohcheckpp.fiatprofessional.fr|batterysohcheckpp.alfaromeo.fr|batterysohcheckpp.peugeotisland.is|batterysohcheckpp.citroen.is|batterysohcheckpp.peugeot.ch|batterysohcheckpp.citroen.ch|batterysohcheckpp.dsautomobiles.ch|batterysohcheckpp.opel.ch|batterysohcheckpp.fiat.ch|batterysohcheckpp.jeep.ch|batterysohcheckpp.fiatprofessional.ch|batterysohcheckpp.alfaromeo.ch|batterysohcheckpp.peugeot.co.uk|batterysohcheckpp.citroen.co.uk|batterysohcheckpp.dsautomobiles.co.uk|batterysohcheckpp.vauxhall.co.uk|batterysohcheckpp.fiat.co.uk|batterysohcheckpp.jeep.co.uk|batterysohcheckpp.fiatprofessional.co.uk|batterysohcheckpp.alfaromeo.co.uk|usablebatterycapacitycheckpp.chrysler.com|usablebatterycapacitycheckpp.jeep.com|usablebatterycapacitycheckpp.dodge.com|usablebatterycapacitycheckpp.ramtrucks.com|usablebatterycapacitycheckpp.alfaromeousa.com|usablebatterycapacitycheckpp.chrysler.ca|usablebatterycapacitycheckpp.jeep.ca|usablebatterycapacitycheckpp.dodge.ca|usablebatterycapacitycheckpp.ramtruck.ca|usablebatterycapacitycheckpp.alfaromeo.ca",""
"18.233.222.144","*.fcalatam.com.br","","*.fcalatam.com.br|*.fcalatam.com|fcalatam.com.br|fcagroup.com.br|*.jeep.com.br|fcalatam.com|*.fcagroup.com.br|*.digital.fcalatam.com.br|digital.fcalatam.com.br|*.fiat.com.br",""
"18.235.134.211","*.fcalatam.com.br","","*.fcalatam.com.br|*.fcalatam.com|fcalatam.com.br|fcagroup.com.br|*.jeep.com.br|fcalatam.com|*.fcagroup.com.br|*.digital.fcalatam.com.br|digital.fcalatam.com.br|*.fiat.com.br",""
"44.217.30.42","*.fcalatam.com.br","","*.fcalatam.com.br|*.digital-nonprod.fcalatam.com.br|*.fcalatam.com|fcalatam.com.br|digital-nonprod.fcalatam.com.br|fcagroup.com.br|*.fcagroup.com.br|*.jeep.com.br|fcalatam.com|*.fiat.com.br",""
"44.217.233.232","*.fcalatam.com.br","","*.fcalatam.com.br|*.fcalatam.com|fcalatam.com.br|fcagroup.com.br|*.jeep.com.br|fcalatam.com|*.fcagroup.com.br|*.digital.fcalatam.com.br|digital.fcalatam.com.br|*.fiat.com.br",""
"44.210.155.49","*.fcalatam.com.br","","*.fcalatam.com.br|*.fcalatam.com|fcalatam.com.br|fcagroup.com.br|*.jeep.com.br|fcalatam.com|*.fcagroup.com.br|*.digital.fcalatam.com.br|digital.fcalatam.com.br|*.fiat.com.br",""
"44.197.50.155","reservation.jeep.com","","reservation.jeep.com",""
"54.147.49.66","*.fcalatam.com.br","","*.fcalatam.com.br|*.digital-nonprod.fcalatam.com.br|*.fcalatam.com|fcalatam.com.br|digital-nonprod.fcalatam.com.br|fcagroup.com.br|*.fcagroup.com.br|*.jeep.com.br|fcalatam.com|*.fiat.com.br",""
"54.147.65.197","*.fcalatam.com.br","","*.fcalatam.com.br|*.fcalatam.com|fcalatam.com.br|fcagroup.com.br|*.jeep.com.br|fcalatam.com|*.fcagroup.com.br|*.digital.fcalatam.com.br|digital.fcalatam.com.br|*.fiat.com.br",""
"54.147.69.173","*.fcalatam.com.br","","*.fcalatam.com.br|*.digital-nonprod.fcalatam.com.br|*.fcalatam.com|fcalatam.com.br|digital-nonprod.fcalatam.com.br|fcagroup.com.br|*.fcagroup.com.br|*.jeep.com.br|fcalatam.com|*.fiat.com.br",""
"3.229.126.62","*.fcalatam.com.br","","*.fcalatam.com.br|*.digital-nonprod.fcalatam.com.br|*.fcalatam.com|fcalatam.com.br|digital-nonprod.fcalatam.com.br|fcagroup.com.br|*.fcagroup.com.br|*.jeep.com.br|fcalatam.com|*.fiat.com.br",""
"3.230.83.254","*.fcalatam.com.br","","*.fcalatam.com.br|*.digital-nonprod.fcalatam.com.br|*.fcalatam.com|fcalatam.com.br|digital-nonprod.fcalatam.com.br|fcagroup.com.br|*.fcagroup.com.br|*.jeep.com.br|fcalatam.com|*.fiat.com.br",""
"3.231.197.180","drivefca.com","","drivefca.com|e-shop.ram.com|www.drivefca.com|e-shop.fiatusa.com|dealeradmin.drivefca.com|e-shop.ramtrucks.com|als.drivefca.com|e-shop.dodge.com|e-shop.chrysler.com|e-shop.jeep.com",""
"3.232.194.49","drivefca.com","","drivefca.com|e-shop.ram.com|www.drivefca.com|e-shop.fiatusa.com|dealeradmin.drivefca.com|e-shop.ramtrucks.com|als.drivefca.com|e-shop.dodge.com|e-shop.chrysler.com|e-shop.jeep.com",""
"3.234.165.101","*.fcalatam.com.br","","*.fcalatam.com.br|*.fcalatam.com|fcalatam.com.br|fcagroup.com.br|*.jeep.com.br|fcalatam.com|*.fcagroup.com.br|*.digital.fcalatam.com.br|digital.fcalatam.com.br|*.fiat.com.br",""
"3.224.106.88","*.fcalatam.com.br","","*.fcalatam.com.br|*.digital-nonprod.fcalatam.com.br|*.fcalatam.com|fcalatam.com.br|digital-nonprod.fcalatam.com.br|fcagroup.com.br|*.fcagroup.com.br|*.jeep.com.br|fcalatam.com|*.fiat.com.br",""
"3.225.3.206","drivefca.com","","drivefca.com|e-shop.ram.com|www.drivefca.com|e-shop.fiatusa.com|dealeradmin.drivefca.com|e-shop.ramtrucks.com|als.drivefca.com|e-shop.dodge.com|e-shop.chrysler.com|e-shop.jeep.com",""
"3.225.67.152","*.fcalatam.com.br","","*.fcalatam.com.br|*.digital-nonprod.fcalatam.com.br|*.fcalatam.com|fcalatam.com.br|digital-nonprod.fcalatam.com.br|fcagroup.com.br|*.fcagroup.com.br|*.jeep.com.br|fcalatam.com|*.fiat.com.br",""
"3.227.66.62","*.fcalatam.com.br","","*.fcalatam.com.br|*.fcalatam.com|fcalatam.com.br|fcagroup.com.br|*.jeep.com.br|fcalatam.com|*.fcagroup.com.br|*.digital.fcalatam.com.br|digital.fcalatam.com.br|*.fiat.com.br",""
"34.193.2.236","uat.drivefca.com","","uat.drivefca.com|uat.e-shop.wagoneer.com|uat.e-shop.ram.com|uat.e-shop.jeep.com|uat.e-shop.chrysler.com|uat.e-shop.ramtrucks.com|uat.e-shop.fiatusa.com|uat.e-shop.dodge.com",""
"34.193.95.119","drivefca.com","","drivefca.com|e-shop.ram.com|www.drivefca.com|e-shop.fiatusa.com|dealeradmin.drivefca.com|e-shop.ramtrucks.com|als.drivefca.com|e-shop.dodge.com|e-shop.chrysler.com|e-shop.jeep.com",""
"13.216.136.254","drivefca.com","","drivefca.com|e-shop.ram.com|www.drivefca.com|e-shop.fiatusa.com|dealeradmin.drivefca.com|e-shop.ramtrucks.com|als.drivefca.com|e-shop.dodge.com|e-shop.chrysler.com|e-shop.jeep.com",""
"13.216.187.10","*.fcalatam.com.br","","*.fcalatam.com.br|*.fcalatam.com|fcalatam.com.br|fcagroup.com.br|*.jeep.com.br|fcalatam.com|*.fcagroup.com.br|*.digital.fcalatam.com.br|digital.fcalatam.com.br|*.fiat.com.br",""
"34.200.77.138","*.fcalatam.com.br","","*.fcalatam.com.br|*.fcalatam.com|fcalatam.com.br|fcagroup.com.br|*.jeep.com.br|fcalatam.com|*.fcagroup.com.br|*.digital.fcalatam.com.br|digital.fcalatam.com.br|*.fiat.com.br",""
"34.202.173.53","*.fcalatam.com.br","","*.fcalatam.com.br|*.fcalatam.com|fcalatam.com.br|fcagroup.com.br|*.jeep.com.br|fcalatam.com|*.fcagroup.com.br|*.digital.fcalatam.com.br|digital.fcalatam.com.br|*.fiat.com.br",""
"34.203.3.82","*.fcalatam.com.br","","*.fcalatam.com.br|*.fcalatam.com|fcalatam.com.br|fcagroup.com.br|*.jeep.com.br|fcalatam.com|*.fcagroup.com.br|*.digital.fcalatam.com.br|digital.fcalatam.com.br|*.fiat.com.br",""
"44.219.234.73","*.fcalatam.com.br","","*.fcalatam.com.br|*.digital-nonprod.fcalatam.com.br|*.fcalatam.com|fcalatam.com.br|digital-nonprod.fcalatam.com.br|fcagroup.com.br|*.fcagroup.com.br|*.jeep.com.br|fcalatam.com|*.fiat.com.br",""
"34.196.44.3","*.fcalatam.com.br","","*.fcalatam.com.br|*.digital-nonprod.fcalatam.com.br|*.fcalatam.com|fcalatam.com.br|digital-nonprod.fcalatam.com.br|fcagroup.com.br|*.fcagroup.com.br|*.jeep.com.br|fcalatam.com|*.fiat.com.br",""
"34.196.169.162","*.fcalatam.com.br","","*.fcalatam.com.br|*.digital-nonprod.fcalatam.com.br|*.fcalatam.com|fcalatam.com.br|digital-nonprod.fcalatam.com.br|fcagroup.com.br|*.fcagroup.com.br|*.jeep.com.br|fcalatam.com|*.fiat.com.br",""
"34.196.216.40","*.fcalatam.com.br","","*.fcalatam.com.br|*.digital-nonprod.fcalatam.com.br|*.fcalatam.com|fcalatam.com.br|digital-nonprod.fcalatam.com.br|fcagroup.com.br|*.fcagroup.com.br|*.jeep.com.br|fcalatam.com|*.fiat.com.br",""
"34.197.163.80","*.fcalatam.com.br","","*.fcalatam.com.br|*.digital-nonprod.fcalatam.com.br|*.fcalatam.com|fcalatam.com.br|digital-nonprod.fcalatam.com.br|fcagroup.com.br|*.fcagroup.com.br|*.jeep.com.br|fcalatam.com|*.fiat.com.br",""
"34.199.9.7","*.fcalatam.com.br","","*.fcalatam.com.br|*.digital-nonprod.fcalatam.com.br|*.fcalatam.com|fcalatam.com.br|digital-nonprod.fcalatam.com.br|fcagroup.com.br|*.fcagroup.com.br|*.jeep.com.br|fcalatam.com|*.fiat.com.br",""
"44.205.64.118","*.fcalatam.com.br","","*.fcalatam.com.br|*.digital-nonprod.fcalatam.com.br|*.fcalatam.com|fcalatam.com.br|digital-nonprod.fcalatam.com.br|fcagroup.com.br|*.fcagroup.com.br|*.jeep.com.br|fcalatam.com|*.fiat.com.br",""
"44.205.170.14","reservation.jeep.com","","reservation.jeep.com",""
"44.206.146.193","*.fcalatam.com.br","","*.fcalatam.com.br|*.digital-nonprod.fcalatam.com.br|*.fcalatam.com|fcalatam.com.br|digital-nonprod.fcalatam.com.br|fcagroup.com.br|*.fcagroup.com.br|*.jeep.com.br|fcalatam.com|*.fiat.com.br",""
"44.207.94.55","uat.drivefca.com","","uat.drivefca.com|uat.e-shop.wagoneer.com|uat.e-shop.ram.com|uat.e-shop.jeep.com|uat.e-shop.chrysler.com|uat.e-shop.ramtrucks.com|uat.e-shop.fiatusa.com|uat.e-shop.dodge.com",""
"44.207.205.237","*.fcalatam.com.br","","*.fcalatam.com.br|*.fcalatam.com|fcalatam.com.br|fcagroup.com.br|*.jeep.com.br|fcalatam.com|*.fcagroup.com.br|*.digital.fcalatam.com.br|digital.fcalatam.com.br|*.fiat.com.br",""
"44.214.31.94","*.fcalatam.com.br","","*.fcalatam.com.br|*.digital-nonprod.fcalatam.com.br|*.fcalatam.com|fcalatam.com.br|digital-nonprod.fcalatam.com.br|fcagroup.com.br|*.fcagroup.com.br|*.jeep.com.br|fcalatam.com|*.fiat.com.br",""
"44.195.244.218","*.fcalatam.com.br","","*.fcalatam.com.br|*.fcalatam.com|fcalatam.com.br|fcagroup.com.br|*.jeep.com.br|fcalatam.com|*.fcagroup.com.br|*.digital.fcalatam.com.br|digital.fcalatam.com.br|*.fiat.com.br",""
"52.0.116.227","*.fcalatam.com.br","","*.fcalatam.com.br|*.fcalatam.com|fcalatam.com.br|fcagroup.com.br|*.jeep.com.br|fcalatam.com|*.fcagroup.com.br|*.digital.fcalatam.com.br|digital.fcalatam.com.br|*.fiat.com.br",""
"52.1.254.155","*.fcalatam.com.br","","*.fcalatam.com.br|*.digital-nonprod.fcalatam.com.br|*.fcalatam.com|fcalatam.com.br|digital-nonprod.fcalatam.com.br|fcagroup.com.br|*.fcagroup.com.br|*.jeep.com.br|fcalatam.com|*.fiat.com.br",""
"52.55.32.44","*.fcalatam.com.br","","*.fcalatam.com.br|*.fcalatam.com|fcalatam.com.br|fcagroup.com.br|*.jeep.com.br|fcalatam.com|*.fcagroup.com.br|*.digital.fcalatam.com.br|digital.fcalatam.com.br|*.fiat.com.br",""
"52.55.121.33","*.fcalatam.com.br","","*.fcalatam.com.br|*.fcalatam.com|fcalatam.com.br|fcagroup.com.br|*.jeep.com.br|fcalatam.com|*.fcagroup.com.br|*.digital.fcalatam.com.br|digital.fcalatam.com.br|*.fiat.com.br",""
"34.237.147.99","*.fcalatam.com.br","","*.fcalatam.com.br|*.fcalatam.com|fcalatam.com.br|fcagroup.com.br|*.jeep.com.br|fcalatam.com|*.fcagroup.com.br|*.digital.fcalatam.com.br|digital.fcalatam.com.br|*.fiat.com.br",""
"18.213.73.51","uat.drivefca.com","","uat.drivefca.com|uat.e-shop.wagoneer.com|uat.e-shop.ram.com|uat.e-shop.jeep.com|uat.e-shop.chrysler.com|uat.e-shop.ramtrucks.com|uat.e-shop.fiatusa.com|uat.e-shop.dodge.com",""
"18.213.134.96","*.fcalatam.com.br","","*.fcalatam.com.br|*.fcalatam.com|fcalatam.com.br|fcagroup.com.br|*.jeep.com.br|fcalatam.com|*.fcagroup.com.br|*.digital.fcalatam.com.br|digital.fcalatam.com.br|*.fiat.com.br",""
"34.232.34.19","*.fcalatam.com.br","","*.fcalatam.com.br|*.digital-nonprod.fcalatam.com.br|*.fcalatam.com|fcalatam.com.br|digital-nonprod.fcalatam.com.br|fcagroup.com.br|*.fcagroup.com.br|*.jeep.com.br|fcalatam.com|*.fiat.com.br",""
"34.233.83.2","*.fcalatam.com.br","","*.fcalatam.com.br|*.digital-nonprod.fcalatam.com.br|*.fcalatam.com|fcalatam.com.br|digital-nonprod.fcalatam.com.br|fcagroup.com.br|*.fcagroup.com.br|*.jeep.com.br|fcalatam.com|*.fiat.com.br",""
"34.233.187.227","*.fcalatam.com.br","","*.fcalatam.com.br|*.digital-nonprod.fcalatam.com.br|*.fcalatam.com|fcalatam.com.br|digital-nonprod.fcalatam.com.br|fcagroup.com.br|*.fcagroup.com.br|*.jeep.com.br|fcalatam.com|*.fiat.com.br",""
"34.231.189.126","*.fcalatam.com.br","","*.fcalatam.com.br|*.digital-nonprod.fcalatam.com.br|*.fcalatam.com|fcalatam.com.br|digital-nonprod.fcalatam.com.br|fcagroup.com.br|*.fcagroup.com.br|*.jeep.com.br|fcalatam.com|*.fiat.com.br",""
"34.231.219.18","*.fcalatam.com.br","","*.fcalatam.com.br|*.fcalatam.com|fcalatam.com.br|fcagroup.com.br|*.jeep.com.br|fcalatam.com|*.fcagroup.com.br|*.digital.fcalatam.com.br|digital.fcalatam.com.br|*.fiat.com.br",""
"54.80.238.103","*.fcalatam.com.br","","*.fcalatam.com.br|*.fcalatam.com|fcalatam.com.br|fcagroup.com.br|*.jeep.com.br|fcalatam.com|*.fcagroup.com.br|*.digital.fcalatam.com.br|digital.fcalatam.com.br|*.fiat.com.br",""
"54.82.203.19","*.fcalatam.com.br","","*.fcalatam.com.br|*.fcalatam.com|fcalatam.com.br|fcagroup.com.br|*.jeep.com.br|fcalatam.com|*.fcagroup.com.br|*.digital.fcalatam.com.br|digital.fcalatam.com.br|*.fiat.com.br",""
"54.83.204.237","*.fcalatam.com.br","","*.fcalatam.com.br|*.digital-nonprod.fcalatam.com.br|*.fcalatam.com|fcalatam.com.br|digital-nonprod.fcalatam.com.br|fcagroup.com.br|*.fcagroup.com.br|*.jeep.com.br|fcalatam.com|*.fiat.com.br",""
"34.238.177.64","*.fcalatam.com.br","","*.fcalatam.com.br|*.fcalatam.com|fcalatam.com.br|fcagroup.com.br|*.jeep.com.br|fcalatam.com|*.fcagroup.com.br|*.digital.fcalatam.com.br|digital.fcalatam.com.br|*.fiat.com.br",""
"52.204.85.235","*.fcalatam.com.br","","*.fcalatam.com.br|*.fcalatam.com|fcalatam.com.br|fcagroup.com.br|*.jeep.com.br|fcalatam.com|*.fcagroup.com.br|*.digital.fcalatam.com.br|digital.fcalatam.com.br|*.fiat.com.br",""
"52.205.57.118","*.fcalatam.com.br","","*.fcalatam.com.br|*.fcalatam.com|fcalatam.com.br|fcagroup.com.br|*.jeep.com.br|fcalatam.com|*.fcagroup.com.br|*.digital.fcalatam.com.br|digital.fcalatam.com.br|*.fiat.com.br",""
"52.207.137.53","*.fcalatam.com.br","","*.fcalatam.com.br|*.digital-nonprod.fcalatam.com.br|*.fcalatam.com|fcalatam.com.br|digital-nonprod.fcalatam.com.br|fcagroup.com.br|*.fcagroup.com.br|*.jeep.com.br|fcalatam.com|*.fiat.com.br",""
"52.200.188.119","*.fcalatam.com.br","","*.fcalatam.com.br|*.digital-nonprod.fcalatam.com.br|*.fcalatam.com|fcalatam.com.br|digital-nonprod.fcalatam.com.br|fcagroup.com.br|*.fcagroup.com.br|*.jeep.com.br|fcalatam.com|*.fiat.com.br",""
"34.224.183.110","*.fcalatam.com.br","","*.fcalatam.com.br|*.digital-nonprod.fcalatam.com.br|*.fcalatam.com|fcalatam.com.br|digital-nonprod.fcalatam.com.br|fcagroup.com.br|*.fcagroup.com.br|*.jeep.com.br|fcalatam.com|*.fiat.com.br",""
"34.225.85.195","*.fcalatam.com.br","","*.fcalatam.com.br|*.fcalatam.com|fcalatam.com.br|fcagroup.com.br|*.jeep.com.br|fcalatam.com|*.fcagroup.com.br|*.digital.fcalatam.com.br|digital.fcalatam.com.br|*.fiat.com.br",""
"34.226.115.23","*.fcalatam.com.br","","*.fcalatam.com.br|*.fcalatam.com|fcalatam.com.br|fcagroup.com.br|*.jeep.com.br|fcalatam.com|*.fcagroup.com.br|*.digital.fcalatam.com.br|digital.fcalatam.com.br|*.fiat.com.br",""
"18.210.134.19","*.fcalatam.com.br","","*.fcalatam.com.br|*.digital-nonprod.fcalatam.com.br|gameoftalents.com.br|digital-nonprod.fcalatam.com.br|fcalatam.com.br|*.jeep.com.br|*.gameoftalents.com.br|*.fiat.com.br",""
"35.181.25.37","batterysohcheck-preprod.stellantis.com","Stellantis N.V.","batterysohcheck-preprod.stellantis.com|batterysohcheckpp.peugeot.fr|batterysohcheckpp.citroen.fr|batterysohcheckpp.dsautomobiles.fr|batterysohcheckpp.opel.fr|batterysohcheckpp.fiat.fr|batterysohcheckpp.jeep.fr|batterysohcheckpp.fiatprofessional.fr|batterysohcheckpp.alfaromeo.fr|batterysohcheckpp.peugeotisland.is|batterysohcheckpp.citroen.is|batterysohcheckpp.peugeot.ch|batterysohcheckpp.citroen.ch|batterysohcheckpp.dsautomobiles.ch|batterysohcheckpp.opel.ch|batterysohcheckpp.fiat.ch|batterysohcheckpp.jeep.ch|batterysohcheckpp.fiatprofessional.ch|batterysohcheckpp.alfaromeo.ch|batterysohcheckpp.peugeot.co.uk|batterysohcheckpp.citroen.co.uk|batterysohcheckpp.dsautomobiles.co.uk|batterysohcheckpp.vauxhall.co.uk|batterysohcheckpp.fiat.co.uk|batterysohcheckpp.jeep.co.uk|batterysohcheckpp.fiatprofessional.co.uk|batterysohcheckpp.alfaromeo.co.uk|usablebatterycapacitycheckpp.chrysler.com|usablebatterycapacitycheckpp.jeep.com|usablebatterycapacitycheckpp.dodge.com|usablebatterycapacitycheckpp.ramtrucks.com|usablebatterycapacitycheckpp.alfaromeousa.com|usablebatterycapacitycheckpp.chrysler.ca|usablebatterycapacitycheckpp.jeep.ca|usablebatterycapacitycheckpp.dodge.ca|usablebatterycapacitycheckpp.ramtruck.ca|usablebatterycapacitycheckpp.alfaromeo.ca",""
"54.85.140.236","drivefca.com","","drivefca.com|e-shop.ram.com|www.drivefca.com|e-shop.fiatusa.com|dealeradmin.drivefca.com|e-shop.ramtrucks.com|als.drivefca.com|e-shop.dodge.com|e-shop.chrysler.com|e-shop.jeep.com",""
"54.85.213.41","uat.drivefca.com","","uat.drivefca.com|uat.e-shop.wagoneer.com|uat.e-shop.ram.com|uat.e-shop.jeep.com|uat.e-shop.chrysler.com|uat.e-shop.ramtrucks.com|uat.e-shop.fiatusa.com|uat.e-shop.dodge.com",""
"54.86.181.223","*.fcalatam.com.br","","*.fcalatam.com.br|*.fcalatam.com|fcalatam.com.br|fcagroup.com.br|*.jeep.com.br|fcalatam.com|*.fcagroup.com.br|*.digital.fcalatam.com.br|digital.fcalatam.com.br|*.fiat.com.br",""
"54.87.30.165","*.fcalatam.com.br","","*.fcalatam.com.br|*.fcalatam.com|fcalatam.com.br|fcagroup.com.br|*.jeep.com.br|fcalatam.com|*.fcagroup.com.br|*.digital.fcalatam.com.br|digital.fcalatam.com.br|*.fiat.com.br",""
"52.22.162.132","*.fcalatam.com.br","","*.fcalatam.com.br|*.digital-nonprod.fcalatam.com.br|*.fcalatam.com|fcalatam.com.br|digital-nonprod.fcalatam.com.br|fcagroup.com.br|*.fcagroup.com.br|*.jeep.com.br|fcalatam.com|*.fiat.com.br",""
"54.243.133.200","*.fcalatam.com.br","","*.fcalatam.com.br|*.fcalatam.com|fcalatam.com.br|fcagroup.com.br|*.jeep.com.br|fcalatam.com|*.fcagroup.com.br|*.digital.fcalatam.com.br|digital.fcalatam.com.br|*.fiat.com.br",""
"3.68.142.3","aemstagems4-connect.alfaromeo.com","","aemstagems4-appdig-connect.dodge.com|aemstagems4-appdig-connect.wagoneer.com|aemstagems4-appdig-connectivity.alfaromeo.com|aemstagems4-appdig-connectivity.chrysler.com|aemstagems4-appdig-connectivity.fiat.com|aemstagems4-appdig-connectivity.jeep.com|aemstagems4-appdig-connectivity.maserati.com|aemstagems4-appdig-connectivity.ramtrucks.com|aemstagems4-brandconnect.stellantis.com|aemstagems4-connect.alfaromeo.com|aemstagems4-connect.chrysler.com|aemstagems4-connect.dodge.com|aemstagems4-connect.fiat.com|aemstagems4-connect.jeep.com|aemstagems4-connect.wagoneer.com|aemstagems4-connectivity.alfaromeo.com|aemstagems4-connectivity.chrysler.com|aemstagems4-connectivity.citroen.com|aemstagems4-connectivity.dsautomobiles.com|aemstagems4-connectivity.fiat.com|aemstagems4-connectivity.jeep.com|aemstagems4-connectivity.maserati.com|aemstagems4-connectivity.opel.com|aemstagems4-connectivity.peugeot.com|aemstagems4-connectivity.ramtrucks.com|aemstagems4-connectivity.vauxhall.com|aemstagems4-exve.stellantis.com|aemstagems4-fleet.fcagroup.com|aemstagems4-myuconnect.abarth.com|aemstagems4-myuconnect.fiatprofessional.com|aemstagems4-myuconnect.lancia.com|aemstagems4-myuconnect.ram.com|aemstagems4-myuconnectfleet.fcagroup.com|aemstagems4-spacewidgets.stellantis.com|aemstagems5-www.freedomofmobility.stellantis.com|aemstagems5-www.stellantis.com|aemstagems5-www.stellantis.ventures|aemstagems5.cmsvhr.fcagroup.com",""
"52.86.146.164","*.fcalatam.com.br","","*.fcalatam.com.br|gameoftalents.com.br|fcalatam.com.br|*.jeep.com.br|*.digital.fcalatam.com.br|digital.fcalatam.com.br|*.gameoftalents.com.br|*.fiat.com.br",""
"54.173.114.181","drivefca.com","","drivefca.com|e-shop.ram.com|www.drivefca.com|e-shop.fiatusa.com|dealeradmin.drivefca.com|e-shop.ramtrucks.com|als.drivefca.com|e-shop.dodge.com|e-shop.chrysler.com|e-shop.jeep.com",""
"18.204.59.95","*.fcalatam.com.br","","*.fcalatam.com.br|*.digital-nonprod.fcalatam.com.br|*.fcalatam.com|fcalatam.com.br|digital-nonprod.fcalatam.com.br|fcagroup.com.br|*.fcagroup.com.br|*.jeep.com.br|fcalatam.com|*.fiat.com.br",""
"18.204.86.139","*.fcalatam.com.br","","*.fcalatam.com.br|*.digital-nonprod.fcalatam.com.br|*.fcalatam.com|fcalatam.com.br|digital-nonprod.fcalatam.com.br|fcagroup.com.br|*.fcagroup.com.br|*.jeep.com.br|fcalatam.com|*.fiat.com.br",""
"18.205.110.173","*.fcalatam.com.br","","*.fcalatam.com.br|*.fcalatam.com|fcalatam.com.br|fcagroup.com.br|*.jeep.com.br|fcalatam.com|*.fcagroup.com.br|*.digital.fcalatam.com.br|digital.fcalatam.com.br|*.fiat.com.br",""
"35.173.37.40","*.fcalatam.com.br","","*.fcalatam.com.br|*.digital-nonprod.fcalatam.com.br|*.fcalatam.com|fcalatam.com.br|digital-nonprod.fcalatam.com.br|fcagroup.com.br|*.fcagroup.com.br|*.jeep.com.br|fcalatam.com|*.fiat.com.br",""
"35.171.138.34","uat.drivefca.com","","uat.drivefca.com|uat.e-shop.wagoneer.com|uat.e-shop.ram.com|uat.e-shop.jeep.com|uat.e-shop.chrysler.com|uat.e-shop.ramtrucks.com|uat.e-shop.fiatusa.com|uat.e-shop.dodge.com",""
"52.72.73.233","*.fcalatam.com.br","","*.fcalatam.com.br|*.fcalatam.com|fcalatam.com.br|fcagroup.com.br|*.jeep.com.br|fcalatam.com|*.fcagroup.com.br|*.digital.fcalatam.com.br|digital.fcalatam.com.br|*.fiat.com.br",""
"52.72.99.15","*.fcalatam.com.br","","*.fcalatam.com.br|*.digital-nonprod.fcalatam.com.br|*.fcalatam.com|fcalatam.com.br|digital-nonprod.fcalatam.com.br|fcagroup.com.br|*.fcagroup.com.br|*.jeep.com.br|fcalatam.com|*.fiat.com.br",""
"52.72.168.230","*.fcalatam.com.br","","*.fcalatam.com.br|*.digital-nonprod.fcalatam.com.br|*.fcalatam.com|fcalatam.com.br|digital-nonprod.fcalatam.com.br|fcagroup.com.br|*.fcagroup.com.br|*.jeep.com.br|fcalatam.com|*.fiat.com.br",""
"3.212.6.149","*.fcalatam.com.br","","*.fcalatam.com.br|*.fcalatam.com|fcalatam.com.br|fcagroup.com.br|*.jeep.com.br|fcalatam.com|*.fcagroup.com.br|*.digital.fcalatam.com.br|digital.fcalatam.com.br|*.fiat.com.br",""
"3.215.96.29","*.fcalatam.com.br","","*.fcalatam.com.br|*.digital-nonprod.fcalatam.com.br|*.fcalatam.com|fcalatam.com.br|digital-nonprod.fcalatam.com.br|fcagroup.com.br|*.fcagroup.com.br|*.jeep.com.br|fcalatam.com|*.fiat.com.br",""
"3.82.76.68","*.fcalatam.com.br","","*.fcalatam.com.br|*.digital-nonprod.fcalatam.com.br|*.fcalatam.com|fcalatam.com.br|digital-nonprod.fcalatam.com.br|fcagroup.com.br|*.fcagroup.com.br|*.jeep.com.br|fcalatam.com|*.fiat.com.br",""
"3.221.34.183","*.fcalatam.com.br","","*.fcalatam.com.br|*.fcalatam.com|fcalatam.com.br|fcagroup.com.br|*.jeep.com.br|fcalatam.com|*.fcagroup.com.br|*.digital.fcalatam.com.br|digital.fcalatam.com.br|*.fiat.com.br",""
"54.198.127.2","*.fcalatam.com.br","","*.fcalatam.com.br|*.digital-nonprod.fcalatam.com.br|gameoftalents.com.br|digital-nonprod.fcalatam.com.br|fcalatam.com.br|*.jeep.com.br|*.gameoftalents.com.br|*.fiat.com.br",""
"3.208.128.35","*.fcalatam.com.br","","*.fcalatam.com.br|*.fcalatam.com|fcalatam.com.br|fcagroup.com.br|*.jeep.com.br|fcalatam.com|*.fcagroup.com.br|*.digital.fcalatam.com.br|digital.fcalatam.com.br|*.fiat.com.br",""
"3.209.31.232","*.fcalatam.com.br","","*.fcalatam.com.br|*.digital-nonprod.fcalatam.com.br|*.fcalatam.com|fcalatam.com.br|digital-nonprod.fcalatam.com.br|fcagroup.com.br|*.fcagroup.com.br|*.jeep.com.br|fcalatam.com|*.fiat.com.br",""
"54.225.54.227","*.fcalatam.com.br","","*.fcalatam.com.br|*.digital-nonprod.fcalatam.com.br|*.fcalatam.com|fcalatam.com.br|digital-nonprod.fcalatam.com.br|fcagroup.com.br|*.fcagroup.com.br|*.jeep.com.br|fcalatam.com|*.fiat.com.br",""
"3.217.16.134","*.fcalatam.com.br","","*.fcalatam.com.br|*.digital-nonprod.fcalatam.com.br|*.fcalatam.com|fcalatam.com.br|digital-nonprod.fcalatam.com.br|fcagroup.com.br|*.fcagroup.com.br|*.jeep.com.br|fcalatam.com|*.fiat.com.br",""
"3.217.251.92","reservation.jeep.com","","reservation.jeep.com",""
"3.218.53.139","*.fcalatam.com.br","","*.fcalatam.com.br|*.digital-nonprod.fcalatam.com.br|*.fcalatam.com|fcalatam.com.br|digital-nonprod.fcalatam.com.br|fcagroup.com.br|*.fcagroup.com.br|*.jeep.com.br|fcalatam.com|*.fiat.com.br",""
"3.219.145.100","*.fcalatam.com.br","","*.fcalatam.com.br|*.fcalatam.com|fcalatam.com.br|fcagroup.com.br|*.jeep.com.br|fcalatam.com|*.fcagroup.com.br|*.digital.fcalatam.com.br|digital.fcalatam.com.br|*.fiat.com.br",""
"3.219.146.150","*.fcalatam.com.br","","*.fcalatam.com.br|*.digital-nonprod.fcalatam.com.br|*.fcalatam.com|fcalatam.com.br|digital-nonprod.fcalatam.com.br|fcagroup.com.br|*.fcagroup.com.br|*.jeep.com.br|fcalatam.com|*.fiat.com.br",""
"54.174.30.126","*.fcalatam.com.br","","*.fcalatam.com.br|*.digital-nonprod.fcalatam.com.br|*.fcalatam.com|fcalatam.com.br|digital-nonprod.fcalatam.com.br|fcagroup.com.br|*.fcagroup.com.br|*.jeep.com.br|fcalatam.com|*.fiat.com.br",""
"54.174.229.239","*.fcalatam.com.br","","*.fcalatam.com.br|*.digital-nonprod.fcalatam.com.br|*.fcalatam.com|fcalatam.com.br|digital-nonprod.fcalatam.com.br|fcagroup.com.br|*.fcagroup.com.br|*.jeep.com.br|fcalatam.com|*.fiat.com.br",""
"3.94.45.17","*.fcalatam.com.br","","*.fcalatam.com.br|*.fcalatam.com|fcalatam.com.br|fcagroup.com.br|*.jeep.com.br|fcalatam.com|*.fcagroup.com.br|*.digital.fcalatam.com.br|digital.fcalatam.com.br|*.fiat.com.br",""
"18.195.217.31","aemstagems4-connect.alfaromeo.com","","aemstagems4-appdig-connect.dodge.com|aemstagems4-appdig-connect.wagoneer.com|aemstagems4-appdig-connectivity.alfaromeo.com|aemstagems4-appdig-connectivity.chrysler.com|aemstagems4-appdig-connectivity.fiat.com|aemstagems4-appdig-connectivity.jeep.com|aemstagems4-appdig-connectivity.maserati.com|aemstagems4-appdig-connectivity.ramtrucks.com|aemstagems4-brandconnect.stellantis.com|aemstagems4-connect.alfaromeo.com|aemstagems4-connect.chrysler.com|aemstagems4-connect.dodge.com|aemstagems4-connect.fiat.com|aemstagems4-connect.jeep.com|aemstagems4-connect.wagoneer.com|aemstagems4-connectivity.alfaromeo.com|aemstagems4-connectivity.chrysler.com|aemstagems4-connectivity.citroen.com|aemstagems4-connectivity.dsautomobiles.com|aemstagems4-connectivity.fiat.com|aemstagems4-connectivity.jeep.com|aemstagems4-connectivity.maserati.com|aemstagems4-connectivity.opel.com|aemstagems4-connectivity.peugeot.com|aemstagems4-connectivity.ramtrucks.com|aemstagems4-connectivity.vauxhall.com|aemstagems4-exve.stellantis.com|aemstagems4-fleet.fcagroup.com|aemstagems4-myuconnect.abarth.com|aemstagems4-myuconnect.fiatprofessional.com|aemstagems4-myuconnect.lancia.com|aemstagems4-myuconnect.ram.com|aemstagems4-myuconnectfleet.fcagroup.com|aemstagems4-spacewidgets.stellantis.com|aemstagems5-www.freedomofmobility.stellantis.com|aemstagems5-www.stellantis.com|aemstagems5-www.stellantis.ventures|aemstagems5.cmsvhr.fcagroup.com",""
